﻿Designator,Quantity,Value,Footprint,Package,MPN,DNP,Mount_Type,Description
J1,1,Screw_Terminal_01x01,WP-BUTR_7461084,,,,tht,"Generic screw terminal, single row, 01x01, script generated (kicad-library-utils/schlib/autogen/connector/)"
"J10, J11, J12, J13, J5, J6, J8, J9",8,AMT0440008TH0000G,CONN_AMT0440008TH0000G_AMP,,,,tht,
J2,1,Conn_01x02_Pin,JST_XH_B2B-XH-A_1x02_P2.50mm_Vertical,,,,tht,"Generic connector, single row, 01x02, script generated"
"J3, J7",2,Conn_01x02_Pin,"TerminalBlock_Phoenix_MKDS-1,5-2-5.08_1x02_P5.08mm_Horizontal",,,,tht,"Generic connector, single row, 01x02, script generated"
J4,1,Conn_01x06_Pin,JST_XH_B6B-XH-A_1x06_P2.50mm_Vertical,,,,tht,"Generic connector, single row, 01x06, script generated"
"K1, K2, K3, K4, K5, K6",6,Relay_SPST-NO,J116F11AW,,,,tht,"Relay SPST, normally open, EN50005"
R7,1,R_Shunt_US,WSL4026_VIS,,,,smt,"Shunt resistor, US symbol"
