﻿pos_x,pos_y,rotation,side,designator,mpn,pack,footprint,value,mount_type
127.0,-103.0,90.0,top,J1,,,WP-BUTR_7461084,Screw_Terminal_01x01,tht
83.1,-28.799999,0.0,top,J10,,,CONN_AMT0440008TH0000G_AMP,AMT0440008TH0000G,tht
107.1,-28.599998,0.0,top,J11,,,CONN_AMT0440008TH0000G_AMP,AMT0440008TH0000G,tht
39.049999,-63.400001,90.0,top,J12,,,CONN_AMT0440008TH0000G_AMP,AMT0440008TH0000G,tht
39.099998,-46.300001,90.0,top,J13,,,CONN_AMT0440008TH0000G_AMP,AMT0440008TH0000G,tht
129.5,-52.75,-90.0,top,J2,,,JST_XH_B2B-XH-A_1x02_P2.50mm_Vertical,Conn_01x02_Pin,tht
127.1725,-117.545,90.0,top,J3,,,"TerminalBlock_Phoenix_MKDS-1,5-2-5.08_1x02_P5.08mm_Horizontal",Conn_01x02_Pin,tht
43.5,-72.0,-90.0,top,J4,,,JST_XH_B6B-XH-A_1x06_P2.50mm_Vertical,Conn_01x06_Pin,tht
100.199999,-116.0,0.0,top,J5,,,CONN_AMT0440008TH0000G_AMP,AMT0440008TH0000G,tht
77.199999,-116.099998,0.0,top,J6,,,CONN_AMT0440008TH0000G_AMP,AMT0440008TH0000G,tht
41.5,-95.5,-90.0,top,J7,,,"TerminalBlock_Phoenix_MKDS-1,5-2-5.08_1x02_P5.08mm_Horizontal",Conn_01x02_Pin,tht
54.0,-116.0,0.0,top,J8,,,CONN_AMT0440008TH0000G_AMP,AMT0440008TH0000G,tht
59.1,-28.799999,0.0,top,J9,,,CONN_AMT0440008TH0000G_AMP,AMT0440008TH0000G,tht
61.55,-60.0,0.0,top,K1,,,J116F11AW,Relay_SPST-NO,tht
85.4,-60.0,0.0,top,K2,,,J116F11AW,Relay_SPST-NO,tht
109.4,-60.0,0.0,top,K3,,,J116F11AW,Relay_SPST-NO,tht
108.75,-91.0,180.0,top,K4,,,J116F11AW,Relay_SPST-NO,tht
84.85,-91.0,180.0,top,K5,,,J116F11AW,Relay_SPST-NO,tht
61.0,-91.0,180.0,top,K6,,,J116F11AW,Relay_SPST-NO,tht
124.889,-88.1148,-90.0,top,R7,,,WSL4026_VIS,R_Shunt_US,smt
