﻿Designator,Quantity,Value,Footprint,Package,MPN,DNP,Mount_Type,Description
BZ1,1,Buzzer,Buzzer_12x9.5RM7.6,,,,tht,"Buzzer, polarized"
"C1, C4",2,0.1uF,C_Disc_D5.0mm_W2.5mm_P2.50mm,,,,tht,"Unpolarized capacitor, small symbol"
"C2, C3",2,10uF,C_Disc_D5.0mm_W2.5mm_P2.50mm,,,,tht,"Unpolarized capacitor, small symbol"
"C5, C6",2,C_Small,CP_Radial_D6.3mm_P2.50mm,,,,tht,"Unpolarized capacitor, small symbol"
D1,1,1N5825,D_DO-201AD_P15.24mm_Horizontal,,,,tht,"40V 3A Schottky Barrier Rectifier Diode, DO-201AD"
FB1,1,Ferrite,L_Axial_L5.3mm_D2.2mm_P10.16mm_Horizontal_Vishay_IM-1,,,,tht,Ferrite bead
J1,1,INA226(source),PinHeader_1x08_P2.54mm_Vertical,,,,tht,"Generic connector, single row, 01x08, script generated"
J11,1,Conn_01x02_Socket,JST_XH_B2B-XH-A_1x02_P2.50mm_Vertical,,,,tht,"Generic connector, single row, 01x02, script generated"
J2,1,INA226(load),PinHeader_1x08_P2.54mm_Vertical,,,,tht,"Generic connector, single row, 01x08, script generated"
J3,1,Relays Coil GND,JST_XH_B7B-XH-A_1x07_P2.50mm_Vertical,,,,tht,"Generic connector, single row, 01x07, script generated"
J4,1,TFT,JST_XH_B12B-XH-A_1x12_P2.50mm_Vertical,,,,tht,"Generic screw terminal, single row, 01x12, script generated (kicad-library-utils/schlib/autogen/connector/)"
J5,1,SYN480R,PinHeader_1x04_P2.54mm_Vertical,,,,tht,"Generic connector, single row, 01x04, script generated"
J6,1,1P8T Rotary,JST_XH_B9B-XH-A_1x09_P2.50mm_Vertical,,,,tht,"Generic screw terminal, single row, 01x09, script generated (kicad-library-utils/schlib/autogen/connector/)"
J7,1,SMA,SMA_Amphenol_132134-16_Vertical,,,,tht,"coaxial connector (BNC, SMA, SMB, SMC, Cinch/RCA, LEMO, ...)"
J8,1,INA inputs,JST_XH_B4B-XH-A_1x04_P2.50mm_Vertical,,,,tht,"Generic screw terminal, single row, 01x04, script generated (kicad-library-utils/schlib/autogen/connector/)"
J9,1,Power,TerminalBlock_Phoenix_MKDS-3-2-5.08_1x02_P5.08mm_Horizontal,,,,tht,"Generic screw terminal, single row, 01x02, script generated (kicad-library-utils/schlib/autogen/connector/)"
R1,1,20k,R_Axial_DIN0207_L6.3mm_D2.5mm_P7.62mm_Horizontal,,,,tht,"Resistor, small US symbol"
"R2, R3",2,10k,R_Axial_DIN0207_L6.3mm_D2.5mm_P7.62mm_Horizontal,,,,tht,"Resistor, small US symbol"
U1,1,ESP32-S3-DevKitC,ESP32-S3-DevKitC,,,,tht,ESP32-S3-DevKitC
U2,1,~,5v Buck module,,,,tht,
U3,1,ULN2803A,DIP-18_W7.62mm,,,,tht,"Darlington Transistor Arrays, SOIC18/DIP18"
