﻿pos_x,pos_y,rotation,side,designator,mpn,pack,footprint,value,mount_type
122.45,-44.75,0.0,top,BZ1,,,Buzzer_12x9.5RM7.6,Buzzer,tht
147.5,-115.75,180.0,top,C1,,,C_Disc_D5.0mm_W2.5mm_P2.50mm,0.1uF,tht
147.5,-111.5,180.0,top,C2,,,C_Disc_D5.0mm_W2.5mm_P2.50mm,10uF,tht
121.5,-103.0,-90.0,top,C3,,,C_Disc_D5.0mm_W2.5mm_P2.50mm,10uF,tht
117.6,-103.0,-90.0,top,C4,,,C_Disc_D5.0mm_W2.5mm_P2.50mm,0.1uF,tht
134.4,-103.2,-90.0,top,C5,,,CP_Radial_D6.3mm_P2.50mm,C_Small,tht
89.68238,-41.0,180.0,top,C6,,,CP_Radial_D6.3mm_P2.50mm,C_Small,tht
110.37,-104.5,180.0,top,D1,,,D_DO-201AD_P15.24mm_Horizontal,1N5825,tht
142.42,-122.25,0.0,top,FB1,,,L_Axial_L5.3mm_D2.2mm_P10.16mm_Horizontal_Vishay_IM-1,Ferrite,tht
144.0,-46.8,0.0,top,J1,,,PinHeader_1x08_P2.54mm_Vertical,INA226(source),tht
132.5,-35.025,180.0,top,J11,,,JST_XH_B2B-XH-A_1x02_P2.50mm_Vertical,Conn_01x02_Socket,tht
144.0,-72.34,0.0,top,J2,,,PinHeader_1x08_P2.54mm_Vertical,INA226(load),tht
129.5,-55.0,-90.0,top,J3,,,JST_XH_B7B-XH-A_1x07_P2.50mm_Vertical,Relays Coil GND,tht
88.5,-76.25,-90.0,top,J4,,,JST_XH_B12B-XH-A_1x12_P2.50mm_Vertical,TFT,tht
144.0,-97.42,0.0,top,J5,,,PinHeader_1x04_P2.54mm_Vertical,SYN480R,tht
88.5,-48.5,-90.0,top,J6,,,JST_XH_B9B-XH-A_1x09_P2.50mm_Vertical,1P8T Rotary,tht
157.0,-115.5,-90.0,top,J7,,,SMA_Amphenol_132134-16_Vertical,SMA,tht
152.54,-38.5,180.0,top,J8,,,JST_XH_B4B-XH-A_1x04_P2.50mm_Vertical,INA inputs,tht
90.7,-111.2,-90.0,top,J9,,,TerminalBlock_Phoenix_MKDS-3-2-5.08_1x02_P5.08mm_Horizontal,Power,tht
138.4,-85.89,-90.0,top,R1,,,R_Axial_DIN0207_L6.3mm_D2.5mm_P7.62mm_Horizontal,20k,tht
134.5,-85.88,-90.0,top,R2,,,R_Axial_DIN0207_L6.3mm_D2.5mm_P7.62mm_Horizontal,10k,tht
148.4,-43.0,180.0,top,R3,,,R_Axial_DIN0207_L6.3mm_D2.5mm_P7.62mm_Horizontal,10k,tht
94.14,-37.5,0.0,top,U1,,,ESP32-S3-DevKitC,ESP32-S3-DevKitC,tht
103.5,-111.75,0.0,top,U2,,,5v Buck module,~,tht
121.94,-78.2,0.0,top,U3,,,DIP-18_W7.62mm,ULN2803A,tht
